ID,書いた日にち,書いた人,Google mapのURL,行ったかどうか
20000000-0000-4000-8000-000000000001,2026-10-04,なおと,https://maps.app.goo.gl/TXSM2i67BExpcK4Q8?g_st=il,FALSE
20000000-0000-4000-8000-000000000002,2026-10-04,あずさ,https://maps.app.goo.gl/tyva8Bt4x9bYh5nCA?g_st=il,FALSE
20000000-0000-4000-8000-000000000003,2026-10-04,なおと,https://maps.app.goo.gl/W8htmNxmmpHLNpFG7?g_st=il,FALSE
20000000-0000-4000-8000-000000000004,2026-10-04,あずさ,https://maps.app.goo.gl/Ach6k6gPdsrsRakx6?g_st=il,FALSE
20000000-0000-4000-8000-000000000005,2026-10-04,なおと,https://maps.app.goo.gl/7CqXjCm4xWDo9NVJ8?g_st=il,FALSE
20000000-0000-4000-8000-000000000006,2026-10-04,あずさ,https://maps.app.goo.gl/aSjDmDARWyUWWj9A6?g_st=il,FALSE
20000000-0000-4000-8000-000000000007,2026-10-04,なおと,https://maps.app.goo.gl/aCYuf19BCf6hk7s77?g_st=ic,FALSE
20000000-0000-4000-8000-000000000008,2026-10-04,あずさ,https://maps.app.goo.gl/pqjyEzoCbU7jXBcK9?g_st=il,FALSE
20000000-0000-4000-8000-000000000009,2026-10-04,なおと,https://maps.app.goo.gl/pzYeGW6VnGe4nyFe9?g_st=ipc,FALSE
20000000-0000-4000-8000-000000000010,2026-10-04,あずさ,https://maps.app.goo.gl/ytjf78txVvgrMSHB7?g_st=il,FALSE
,,,,FALSE
